actor_id,actor_login,created_at
17,vanpelt,2024-07-17 01:13:29+00
27,anotherjesse,2020-09-24 13:28:38+00
34,nitay,2024-12-13 13:13:01+00
35,kevwil,2022-07-18 19:24:50+00
36,KirinDave,2017-02-16 07:08:42+00
38,atmos,2016-06-24 23:28:30+00
45,mojodna,2016-08-16 00:12:13+00
47,jnewland,2023-08-04 03:26:24+00
52,reinh,2019-07-26 17:10:19+00
68,bs,2017-05-01 23:19:24+00
72,bruce,2021-11-10 20:26:10+00
77,benburkert,2025-04-07 20:03:00+00
78,indirect,2022-02-22 01:24:34+00
79,fearoffish,2019-02-21 21:29:31+00
80,ry,2023-03-14 11:12:14+00
87,tmornini,2021-08-06 23:27:50+00
89,daksis,2024-08-31 17:43:17+00
90,sr,2024-05-30 16:45:28+00
91,lifo,2024-10-11 04:47:42+00
93,imownbey,2020-03-27 17:39:43+00
100,kmarsh,2024-01-03 18:10:59+00
101,jvantuyl,2019-08-15 07:02:22+00
103,freeformz,2024-10-08 19:04:24+00
104,hassox,2015-11-18 08:02:19+00
105,automatthew,2016-01-20 16:17:08+00
107,lancecarlson,2017-12-07 03:58:47+00
108,drnic,2022-08-21 21:29:59+00
113,mattetti,2019-04-17 02:26:41+00
117,grempe,2024-04-29 13:13:37+00
118,peterc,2019-02-14 13:54:05+00
121,up_the_irons,2023-03-24 22:49:15+00
127,kvnsmth,2021-03-15 12:49:51+00
129,canadaduane,2023-08-17 02:34:07+00
130,corasaurus-hex,2024-09-19 19:31:36+00
132,sunny,2019-09-04 17:01:38+00
133,dkubb,2015-07-31 17:38:51+00
135,richcollins,2018-09-30 01:29:18+00
137,josh,2024-01-24 20:07:55+00
138,stevedekorte,2021-11-15 23:32:19+00
140,cheapRoc,2018-10-17 18:03:16+00
152,al3x,2019-06-03 19:17:48+00
153,toolmantim,2016-08-30 13:20:34+00
154,nicksieger,2022-12-03 00:42:49+00
155,jicksta,2020-12-16 16:03:11+00
160,halbtuerke,2021-04-07 19:11:15+00
162,cnix,2024-04-19 19:08:00+00
163,tpitale,2017-04-04 06:18:52+00
168,aflatter,2022-02-15 18:12:15+00
170,rbazinet,2019-10-19 02:29:22+00
171,tranqy,2024-10-02 10:26:26+00
172,robey,2020-02-13 05:42:17+00
173,bkeepers,2021-09-09 15:21:19+00
174,wilson,2017-05-10 05:51:05+00
176,charlesroper,2021-10-09 12:45:20+00
179,myobie,2019-04-07 16:45:09+00
180,samgranieri,2025-05-01 14:10:00+00
182,mtodd,2021-09-06 17:47:02+00
183,timcharper,2016-12-27 15:03:25+00
184,paul,2020-10-31 05:03:56+00
185,DocSavage,2024-12-30 17:53:26+00
187,vlucas,2023-03-20 18:13:09+00
192,knowtheory,2016-06-27 18:41:47+00
194,zapnap,2025-02-16 22:53:55+00
198,croaky,2022-03-07 16:07:03+00
199,jeremy,2019-03-09 23:47:54+00
201,monde,2017-12-17 17:23:49+00
207,codahale,2023-06-15 17:55:41+00
209,jakehow,2022-06-07 16:27:23+00
211,olleolleolle,2025-03-19 10:22:06+00
212,chrismcg,2019-02-04 16:40:40+00
213,chuyeow,2022-04-09 16:46:22+00
215,matthewford,2025-01-27 22:55:29+00
216,henrik,2024-10-13 20:46:28+00
220,seebq,2017-04-24 15:32:50+00
222,spicycode,2020-09-02 23:08:23+00
224,rdempsey,2017-09-02 22:36:38+00
227,dctanner,2019-06-17 17:47:52+00
230,scharfie,2018-07-25 13:57:26+00
233,tdreyno,2023-04-04 00:23:44+00
234,ryenski,2025-02-06 02:59:31+00
235,jnunemaker,2017-10-26 14:52:49+00
238,superphly,2025-02-05 03:03:18+00
241,jschairb,2023-10-05 03:43:41+00
245,marcel,2023-03-26 06:04:56+00
246,brapse,2025-02-26 08:43:56+00
247,francois,2016-02-25 14:06:42+00
253,jchris,2025-03-20 19:05:33+00
255,psq,2022-05-27 01:06:14+00
258,kommen,2017-08-16 08:33:34+00
262,kastner,2025-01-03 06:27:40+00
266,anildigital,2023-01-08 12:10:49+00
278,gnufied,2017-06-27 19:57:12+00
279,hoverbird,2022-05-05 21:15:14+00
281,joshuamckenty,2019-02-09 19:32:39+00
283,floydprice,2021-08-24 09:17:19+00
290,ss,2015-08-16 20:48:43+00
292,doudou,2016-08-02 18:21:09+00
294,pedromg,2023-08-19 17:24:32+00
298,ambethia,2018-06-04 22:19:37+00
300,cannikin,2022-03-07 00:32:25+00
305,mcg,2017-08-03 12:55:45+00
306,sco,2021-09-13 01:13:18+00
308,anttih,2023-07-04 19:55:40+00
311,lypanov,2023-08-05 13:43:14+00
312,ropiku,2022-05-18 22:29:57+00
317,SoreGums,2019-05-20 10:51:58+00
319,dag,2017-11-15 11:55:41+00
322,luke,2017-06-21 07:32:25+00
328,jrun,2019-08-25 15:11:27+00
331,vic,2022-10-26 17:22:54+00
332,thelibrarian,2017-10-08 20:30:56+00
335,bitbckt,2022-10-12 20:21:50+00
338,hchoroomi,2024-08-01 13:58:06+00
343,octave,2021-10-01 17:41:07+00
344,damon,2018-02-02 18:08:12+00
346,sbusso,2025-05-16 04:10:17+00
348,raggi,2024-09-07 20:15:57+00
355,bendik,2025-04-12 05:47:11+00
357,mpalmer,2024-06-07 09:18:25+00
360,tslocke,2024-05-22 07:07:30+00
365,pius,2024-08-01 03:46:03+00
366,nullstyle,2024-10-04 20:43:37+00
383,kangax,2020-04-05 00:29:35+00
385,drew,2019-07-29 15:13:05+00
386,brainopia,2017-08-05 13:31:38+00
388,therealadam,2019-05-03 21:16:19+00
389,therubymug,2021-09-16 02:58:27+00
392,jasonherald,2025-04-03 23:10:25+00
393,bruno,2021-05-10 01:53:30+00
394,revans,2024-02-16 15:43:05+00
396,trankas,2022-07-09 19:53:43+00
400,esaul,2020-06-17 01:09:43+00
401,wuzhe,2023-03-06 01:51:59+00
76,rabble,2025-06-25 10:49:35+00
237,chad,2025-07-22 23:09:10+00
109,lukesutton,2022-04-11 13:07:51+00
75,abhay,2025-07-31 18:54:17+00
217,tkersey,2025-07-27 18:18:12+00
175,tommorris,2024-07-31 10:12:40+00
347,tobi,2024-12-11 00:41:18+00
131,dstrelau,2022-10-12 01:53:13+00
200,ELLIOTTCABLE,2024-11-05 21:05:35+00
373,alx,2025-02-03 00:57:20+00
85,brixen,2025-07-24 16:10:06+00
402,trevorturk,2024-08-09 19:10:09+00
404,rtomayko,2018-03-11 17:45:49+00
406,gaveen,2020-10-10 07:04:39+00
410,fivethreeo,2021-09-27 22:33:08+00
411,tandibar,2017-08-09 09:15:07+00
412,cmer,2020-10-23 12:10:19+00
424,dfugere,2019-07-03 21:49:11+00
426,xraid,2024-11-08 02:49:37+00
428,parabuzzle,2020-11-13 18:30:17+00
433,bscofield,2023-02-21 15:01:16+00
435,trey,2019-08-05 02:18:40+00
440,norbert,2021-05-10 12:32:04+00
447,dysinger,2024-08-26 19:14:55+00
449,avalade,2018-01-11 18:06:52+00
452,yrashk,2020-05-17 20:09:34+00
455,chriskaukis,2016-03-20 18:35:50+00
458,timperrett,2017-11-15 07:24:11+00
465,emanuel,2024-07-21 22:30:23+00
468,zh,2025-02-14 06:00:35+00
473,choonkeat,2022-03-04 02:33:27+00
476,zacheryph,2018-07-16 23:53:27+00
480,blahutka,2022-01-01 21:58:30+00
483,nakajima,2024-02-08 22:13:16+00
487,msimkins,2019-12-17 17:06:57+00
488,angelo,2016-09-07 18:23:47+00
491,ctran,2022-07-06 21:41:08+00
494,saimonmoore,2024-05-05 05:58:30+00
498,kjf,2016-09-06 20:06:54+00
499,judofyr,2021-12-17 18:35:50+00
500,JJ,2023-01-16 06:51:20+00
503,rob,2017-01-11 21:18:30+00
505,mkhl,2018-09-09 16:58:41+00
509,dbr,2025-02-14 23:43:02+00
519,shinzui,2025-03-21 14:34:15+00
521,mansfiem,2022-02-04 19:04:04+00
522,dbcm,2016-10-24 20:03:19+00
523,brett,2024-10-03 17:11:41+00
526,jendrik,2022-06-10 11:34:44+00
529,auser,2025-05-22 18:56:48+00
534,ericallam,2024-06-04 21:41:56+00
535,steveh,2023-05-07 23:37:04+00
537,skimua,2016-05-25 10:10:50+00
540,NaPs,2021-09-23 14:06:56+00
542,aroth,2022-03-22 15:42:51+00
546,drudru,2021-01-29 07:47:06+00
549,rmanalan,2016-11-11 01:00:08+00
551,njackson,2023-04-08 03:24:08+00
556,kad3nce,2025-03-21 22:46:24+00
557,marvin,2015-12-07 07:18:04+00
559,ook,2025-05-04 07:07:41+00
563,amoeba,2024-02-19 21:59:17+00
565,tomtaylor,2017-03-29 14:17:58+00
567,purzelrakete,2017-12-31 14:58:41+00
570,jaikoo,2025-01-26 13:48:43+00
572,jarib,2015-10-31 09:59:29+00
577,kirooshu,2020-11-12 05:30:34+00
579,mikeal,2024-01-29 17:25:21+00
583,captproton,2018-02-07 00:25:27+00
584,ludo,2025-04-23 16:47:10+00
588,nickpad,2019-04-12 07:50:38+00
589,joaovitor,2018-11-26 04:02:27+00
591,fd,2021-03-17 08:20:33+00
596,probablycorey,2022-03-18 01:07:05+00
598,jmhodges,2020-02-14 09:24:27+00
599,nickel,2018-05-30 18:27:59+00
604,ianloic,2016-11-01 21:32:02+00
606,jesseproudman,2020-04-28 17:19:10+00
614,andykent,2022-12-19 00:40:12+00
616,aemadrid,2018-08-22 17:17:00+00
618,jeremyboles,2019-07-25 06:43:07+00
623,jonmagic,2015-02-17 16:38:45+00
625,zpinter,2015-03-16 02:42:34+00
627,bigethan,2020-06-16 21:23:31+00
631,hookercookerman,2022-09-08 13:07:04+00
632,rubenlozano,2021-09-14 09:58:58+00
636,qerub,2018-02-10 14:26:04+00
638,pjjw,2024-02-27 18:07:03+00
640,ph,2017-01-13 02:51:07+00
647,progrium,2023-09-28 02:39:31+00
648,jhsu,2022-11-30 20:05:41+00
649,hipertracker,2018-01-12 15:32:31+00
654,mlopes,2025-01-19 12:44:25+00
656,tomislav,2024-05-10 20:14:48+00
661,benr75,2020-03-19 17:09:30+00
669,seven1m,2019-11-22 01:40:21+00
671,kouky,2021-07-24 00:51:01+00
674,osteele,2018-03-22 11:15:30+00
675,bikerduweb,2022-02-24 12:19:30+00
687,fazibear,2016-01-08 13:21:43+00
690,matschaffer,2021-12-06 03:43:50+00
698,oleganza,2025-03-27 14:35:03+00
701,jokull,2019-02-09 14:27:37+00
702,adulteratedjedi,2015-12-28 14:49:18+00
711,necrodome,2025-02-01 03:18:17+00
712,brokendisk,2022-12-12 13:38:48+00
713,digitalknk,2021-03-25 04:23:08+00
714,lilyball,2022-01-22 20:28:25+00
718,chrislloyd,2022-02-05 23:11:20+00
722,brettg,2018-10-26 19:41:04+00
727,cvk,2021-12-28 07:46:55+00
734,schmidt,2019-10-24 17:20:42+00
735,tschacht,2024-07-08 08:51:42+00
736,christos,2021-09-01 11:29:26+00
740,rmm5t,2018-06-25 02:14:13+00
743,lukehoersten,2023-09-16 03:43:50+00
744,roncohen,2018-09-22 11:51:30+00
747,jney,2024-03-03 09:23:15+00
748,tom,2018-03-05 13:31:27+00
749,mortenbagai,2022-01-10 17:52:44+00
752,djspiewak,2020-02-03 16:09:28+00
755,myabc,2018-11-12 17:02:55+00
758,oliverandrich,2023-08-18 05:49:40+00
760,ctcherry,2024-01-12 01:59:05+00
766,jfreeze,2018-03-16 16:03:52+00
767,vigosan,2023-06-19 06:23:28+00
778,peburrows,2018-01-03 00:06:27+00
781,piclez,2020-03-30 21:21:16+00
782,ebello,2016-08-16 03:10:36+00
787,joe,2020-07-07 17:50:00+00
791,companygardener,2015-03-19 18:20:10+00
795,DimaD,2019-03-17 05:51:19+00
796,kogent,2017-12-12 08:14:42+00
800,lauri,2017-05-30 12:09:39+00
806,znarf,2020-02-14 16:07:58+00
810,vvarp,2018-11-28 23:07:04+00
816,svperfecta,2024-11-11 13:04:30+00
819,FooBarWidget,2022-03-06 12:56:26+00
822,peleteiro,2025-01-05 12:23:26+00
824,miles,2022-05-19 05:07:58+00
825,wunki,2015-09-06 14:07:49+00
831,shanesveller,2024-09-26 20:15:30+00
833,zygote,2018-10-25 16:02:10+00
835,EugZol,2021-09-13 18:45:26+00
838,michele,2021-10-04 14:48:26+00
842,raucao,2025-05-26 06:58:40+00
843,galfert,2021-06-03 10:19:56+00
846,natacado,2024-11-05 21:34:31+00
847,hotsyk,2021-12-14 03:47:08+00
848,keeran,2022-04-30 17:56:08+00
548,bct,2025-06-24 20:35:16+00
593,daaku,2025-06-25 19:00:12+00
693,farcaller,2025-07-10 09:31:02+00
547,etng,2025-03-24 06:03:48+00
772,alex,2025-07-31 15:30:18+00
851,mountain,2018-07-25 13:43:10+00
854,janfri,2018-06-06 11:13:02+00
855,olivM,2022-11-29 20:07:03+00
861,whynot,2024-11-24 22:57:36+00
863,cpjolicoeur,2018-02-08 19:54:02+00
866,thom,2019-06-18 11:26:23+00
867,sintaxi,2024-09-12 23:56:27+00
868,scotu,2017-06-20 21:23:05+00
869,peters,2023-03-05 11:56:06+00
870,mmmurf,2022-07-22 21:44:24+00
871,Phill,2023-12-16 03:08:19+00
872,thetamind,2022-05-02 21:10:33+00
873,spejman,2024-04-06 21:15:58+00
874,alexvetter,2015-05-23 11:27:12+00
876,ByteEngine,2016-03-19 02:53:31+00
878,lukerandall,2015-09-30 11:16:00+00
883,benoitgoby,2015-12-15 09:39:09+00
884,codeslinger,2018-08-02 22:16:48+00
887,mislav,2025-01-15 15:03:11+00
898,hunter,2020-11-10 03:46:13+00
903,luke0x,2024-07-25 00:28:40+00
910,ejdraper,2017-08-17 11:51:39+00
911,shenoudab,2019-06-20 21:35:25+00
917,antramm,2016-01-08 10:13:17+00
919,amiroff,2018-02-20 11:19:23+00
925,cbartlett,2022-01-06 18:54:46+00
927,constantine-nikolaou,2022-06-15 20:26:08+00
939,nick,2024-08-28 17:50:54+00
940,pusewicz,2024-05-15 04:28:39+00
947,raskchanky,2023-11-02 00:16:46+00
949,rbriski,2022-02-26 15:56:19+00
953,daddz,2021-04-27 22:17:24+00
957,melito,2025-02-11 01:41:19+00
966,hosh,2020-09-05 13:59:59+00
975,ktheory,2024-09-27 06:52:16+00
980,gregf,2022-05-05 21:08:11+00
983,statik,2021-01-10 02:42:12+00
984,phlipper,2018-05-23 02:29:02+00
986,firewheel,2022-05-19 16:59:03+00
990,brianleroux,2021-03-29 22:39:02+00
995,vitaliel,2019-10-08 07:33:56+00
1000,aslakhellesoy,2025-03-24 00:38:26+00
1005,ernesto-jimenez,2022-01-12 00:45:00+00
1006,aglasgall,2016-10-18 19:29:05+00
1007,marcinpohl,2016-12-19 21:07:40+00
1010,damm,2020-10-26 16:30:27+00
1014,sunfmin,2019-09-24 02:57:13+00
1016,amerine,2023-12-19 20:44:32+00
1019,holin,2018-02-21 23:23:18+00
1020,justinweiss,2020-07-27 03:56:55+00
1025,da3mon,2021-01-12 19:27:06+00
1029,creston,2018-01-26 18:04:59+00
1031,jasonm,2019-11-13 06:16:17+00
1032,antage,2017-03-10 06:33:42+00
1035,mattman,2025-03-20 21:10:45+00
1037,zmack,2024-12-03 04:56:05+00
1039,nalin,2025-03-05 18:28:23+00
1041,joao,2021-08-22 13:00:12+00
1047,btbytes,2024-10-03 11:14:07+00
1048,arunthampi,2018-04-25 13:31:57+00
1050,calavera,2021-05-07 04:32:51+00
1051,elia,2016-02-22 14:03:50+00
1056,ludwig,2024-04-17 23:48:09+00
1057,jkp,2018-03-22 14:20:30+00
1061,hmans,2017-04-22 08:43:45+00
1062,aanand,2015-08-14 12:44:10+00
1074,andregoncalves,2024-06-15 10:33:16+00
1079,agibralter,2018-01-22 04:53:31+00
1081,ismasan,2018-02-09 17:11:34+00
1083,1083,2019-10-17 20:37:14+00
1084,fsvehla,2017-06-21 04:40:39+00
1087,jwilkins,2025-04-20 15:00:29+00
1089,sebastian,2018-09-05 07:14:18+00
1090,michaelklishin,2022-08-30 11:18:59+00
1094,azsromej,2016-02-19 01:34:16+00
1095,phsilva,2022-02-18 14:13:30+00
1099,shillcock,2017-03-27 19:05:30+00
1100,niallkennedy,2021-05-07 05:12:32+00
1105,cameroncox,2018-10-16 15:21:05+00
1111,patmaddox,2018-03-14 17:36:33+00
1112,willnorris,2015-01-12 17:25:30+00
1114,rickmzp,2019-06-15 20:48:02+00
1125,drcode,2017-02-23 01:15:58+00
1131,larrytheliquid,2023-09-26 17:34:56+00
1141,tel,2015-04-01 22:48:04+00
1143,bennettandrews,2016-10-24 14:52:17+00
1151,nemequ,2017-01-13 07:47:12+00
1157,ndemonner,2023-09-08 23:28:13+00
1160,coxy,2021-08-31 21:05:21+00
1164,Krishna,2020-04-03 22:35:53+00
1167,dacresni,2022-03-07 19:31:46+00
1172,ndarilek,2021-05-14 13:47:51+00
1178,clawfire,2022-11-01 20:58:15+00
1182,aizatto,2024-08-28 01:26:53+00
1183,gregwebs,2022-09-24 13:44:18+00
1187,mk,2016-06-09 06:03:18+00
1192,paltman,2018-10-12 16:12:12+00
1202,rapind,2019-10-22 04:41:38+00
1206,delano,2024-03-03 11:34:13+00
1208,dlrust,2017-12-21 21:13:55+00
1210,paulsmith,2025-01-30 16:22:47+00
1212,bgianfo,2020-07-04 03:24:09+00
1213,berry,2024-07-16 09:30:14+00
1216,vetler,2018-01-05 12:57:44+00
1217,alexspeller,2022-01-28 02:08:21+00
1218,ajturner,2016-01-08 23:24:08+00
1219,durdn,2021-09-17 16:55:29+00
1224,awt,2022-03-29 21:34:00+00
1228,ericflo,2020-03-25 02:20:34+00
1237,durbin,2016-04-03 07:10:40+00
1238,mmetzger,2021-06-28 01:19:21+00
1242,bcg,2017-06-16 20:49:44+00
1246,alphabetum,2015-10-17 22:47:35+00
1248,keseldude,2023-05-02 01:22:22+00
1249,godber,2025-03-16 18:46:01+00
1250,amattsmith,2018-01-06 07:55:36+00
1254,naturalethic,2018-08-07 20:59:52+00
1255,jzting,2023-03-28 14:23:00+00
1257,ph0rque,2021-12-05 02:19:22+00
1258,bryanveloso,2020-06-15 00:10:34+00
1259,britt,2020-06-15 17:58:22+00
1264,cardmagic,2025-02-27 17:00:33+00
1268,quamen,2019-10-02 23:01:10+00
1274,tobowers,2023-08-03 18:08:40+00
1275,vangale,2019-05-13 21:40:12+00
1278,puzza007,2021-04-06 02:21:58+00
1279,zirpu,2023-05-23 15:23:19+00
1286,dbarros,2022-05-07 01:17:30+00
1288,pvaillant,2016-03-03 00:55:49+00
1291,brianm,2018-02-07 18:49:13+00
1292,cee-dub,2021-04-27 20:31:43+00
1295,zacbrown,2022-10-01 01:19:50+00
1300,lgastako,2025-01-26 11:49:24+00
1301,andrewlmurray,2021-08-24 14:29:50+00
1305,steveclarke,2022-03-24 22:05:53+00
1059,gravityblast,2025-06-30 15:45:09+00
988,Sija,2025-07-23 22:21:13+00
1265,cbx,2025-07-02 21:05:55+00
1232,mindreframer,2025-06-26 21:11:42+00
1299,mitchellh,2021-08-22 03:52:37+00
932,gonzague,2024-12-22 18:47:28+00
1113,travis,2025-07-25 18:53:44+00
886,dennisreimann,2025-07-22 10:58:15+00
1060,andrew,2025-07-29 12:18:11+00
1314,scw,2024-09-24 14:33:44+00
1318,michaelmelanson,2021-12-08 20:56:22+00
1321,aggieben,2024-09-12 22:25:21+00
1322,thibaudgg,2021-03-22 16:32:08+00
1327,emkay,2020-03-30 18:51:40+00
1328,dxoigmn,2018-12-03 22:08:57+00
1329,asenchi,2022-09-30 19:16:07+00
1335,ydewit,2022-08-31 19:09:46+00
1337,tphyahoo,2024-11-27 21:21:54+00
1344,reedlaw,2022-05-14 12:50:23+00
1346,eddof13,2020-06-19 20:48:39+00
1348,nwjsmith,2017-01-09 18:24:11+00
1351,eyecat,2023-01-12 20:26:13+00
1352,lackac,2016-08-16 10:10:44+00
1354,kneath,2018-08-20 19:26:33+00
1356,GLXSeries,2020-12-13 02:41:23+00
1358,cosmin,2018-09-05 18:37:15+00
1360,mtoledo,2015-11-09 18:24:09+00
1362,kastravec,2024-12-20 22:06:11+00
1367,techthumb,2019-06-30 12:43:51+00
1369,biochimia,2018-03-13 23:29:49+00
1371,fcoury,2025-04-24 15:25:02+00
1377,stefanpenner,2020-11-21 15:34:49+00
1384,justin,2024-11-28 16:50:01+00
1388,greut,2024-10-21 07:39:32+00
1390,esiegel,2021-03-01 19:11:06+00
1391,ashchan,2023-06-30 09:54:07+00
1396,paulcbetts,2017-03-04 06:33:16+00
1401,h3h,2017-02-27 15:07:18+00
1405,fannar,2024-11-03 15:58:39+00
1406,dangoldin,2021-05-03 04:03:24+00
1408,hadronzoo,2016-02-12 04:45:59+00
1411,mcroydon,2025-04-20 13:38:39+00
1412,tristan,2024-04-29 07:29:46+00
1416,dsrw,2025-05-20 20:14:33+00
1422,pphetra,2016-06-20 03:06:19+00
1425,gdagley,2023-11-23 14:49:03+00
1428,sudachen,2025-06-03 10:14:13+00
1429,Rickasaurus,2017-08-02 22:14:48+00
1431,paulstansifer,2024-09-05 21:07:25+00
1435,davemerwin,2023-03-05 05:53:34+00
1436,bob,2023-01-12 15:01:34+00
1440,mikedouglas,2022-04-28 15:54:58+00
1444,rbarazi,2021-09-15 00:36:13+00
1446,maborg,2018-05-10 04:44:31+00
1452,khamer,2022-10-04 17:35:46+00
1458,wilhelmtell,2019-11-01 04:37:21+00
1465,rgrove,2022-11-08 03:57:43+00
1470,alexbndk,2021-05-18 08:29:22+00
1473,redmar,2022-09-15 07:46:31+00
1477,anandkunal,2024-11-24 05:40:44+00
1478,kamalgs,2018-02-19 04:41:30+00
1482,gaubert,2019-08-29 19:17:47+00
1483,pjay,2022-09-20 17:08:45+00
1484,pushkar,2015-06-24 04:56:10+00
1486,tronical,2024-02-04 19:38:25+00
1487,dom,2019-07-10 23:52:24+00
1489,gene9,2025-05-28 20:05:03+00
1490,hassy,2023-12-01 09:10:33+00
1494,darrencornwell,2017-06-02 16:31:08+00
1496,rgilton,2019-11-18 22:12:35+00
1501,czottmann,2025-03-12 22:30:35+00
1503,HansF,2018-10-03 16:31:43+00
1505,vezquex,2017-10-03 16:40:08+00
1509,ml,2025-02-06 09:30:57+00
1510,marcoow,2019-04-03 14:35:47+00
1517,husio,2021-09-01 07:27:46+00
1518,taoufix,2016-01-21 08:51:50+00
