id,name,icon,description,active,created_at,updated_at,score,kind
3,0chain,"","",true,2025-07-23 09:42:42.076000 +00:00,2025-07-23 09:42:42.076000 +00:00,20,""
5,0g Labs,"","",true,2025-07-23 09:42:42.076000 +00:00,2025-07-23 09:42:42.076000 +00:00,21,""
6,0L Network,"","",true,2025-07-23 09:42:42.076000 +00:00,2025-07-23 09:42:42.076000 +00:00,7,""
14,0xFable,"","",true,2025-07-23 09:52:39.080000 +00:00,2025-07-23 09:52:39.080000 +00:00,2,""
57,88mph,"","",true,2025-07-23 09:52:39.080000 +00:00,2025-07-23 09:52:39.080000 +00:00,2,""
67,ABCDE Labs,"","",true,2025-07-23 09:52:39.080000 +00:00,2025-07-23 09:52:39.080000 +00:00,2,""
96,Acuity Token,"","",true,2025-07-23 09:52:39.080000 +00:00,2025-07-23 09:52:39.080000 +00:00,2,""
17,0xSpaceShard,"","",true,2025-07-23 09:52:39.080000 +00:00,2025-07-23 09:52:39.080000 +00:00,10,""
18,0xSplits,"","",true,2025-07-23 09:52:39.080000 +00:00,2025-07-23 09:52:39.080000 +00:00,4,""
25,1Hive,"","",true,2025-07-23 09:52:39.080000 +00:00,2025-07-23 09:52:39.080000 +00:00,8,""
1,01coin,"","",true,2025-07-23 09:42:42.076000 +00:00,2025-07-23 09:42:42.076000 +00:00,4,""
9,0xBitcoin,"","",true,2025-07-23 09:42:42.076000 +00:00,2025-07-23 09:42:42.076000 +00:00,2,""
10,0xCapsules,"","",true,2025-07-23 09:42:42.076000 +00:00,2025-07-23 09:42:42.076000 +00:00,5,""
13,0xcert Protocol,"","",true,2025-07-23 09:52:39.080000 +00:00,2025-07-23 09:52:39.080000 +00:00,3,""
15,0x_nodes,"","",true,2025-07-23 09:52:39.080000 +00:00,2025-07-23 09:52:39.080000 +00:00,1,""
26,1inch,"","",true,2025-07-23 09:52:39.080000 +00:00,2025-07-23 09:52:39.080000 +00:00,26,""
16,0xNoots,"","",true,2025-07-23 09:52:39.080000 +00:00,2025-07-23 09:52:39.080000 +00:00,5,""
37,33 Labs,"","",true,2025-07-23 09:52:39.080000 +00:00,2025-07-23 09:52:39.080000 +00:00,1,""
21,10K Swap,"","",true,2025-07-23 09:52:39.080000 +00:00,2025-07-23 09:52:39.080000 +00:00,3,""
22,123swap,"","",true,2025-07-23 09:52:39.080000 +00:00,2025-07-23 09:52:39.080000 +00:00,1,""
28,1Ramp,"","",true,2025-07-23 09:52:39.080000 +00:00,2025-07-23 09:52:39.080000 +00:00,1,""
29,1sol,"","",true,2025-07-23 09:52:39.080000 +00:00,2025-07-23 09:52:39.080000 +00:00,2,""
33,2gether,"","",true,2025-07-23 09:52:39.080000 +00:00,2025-07-23 09:52:39.080000 +00:00,1,""
39,3Box,"","",true,2025-07-23 09:52:39.080000 +00:00,2025-07-23 09:52:39.080000 +00:00,11,""
40,3cities,"","",true,2025-07-23 09:52:39.080000 +00:00,2025-07-23 09:52:39.080000 +00:00,1,""
35,2key.network,"","",true,2025-07-23 09:52:39.080000 +00:00,2025-07-23 09:52:39.080000 +00:00,1,""
36,2PI Ecosystem,"","",true,2025-07-23 09:52:39.080000 +00:00,2025-07-23 09:52:39.080000 +00:00,3,""
41,3em,"","",true,2025-07-23 09:52:39.080000 +00:00,2025-07-23 09:52:39.080000 +00:00,6,""
46,4New,"","",true,2025-07-23 09:52:39.080000 +00:00,2025-07-23 09:52:39.080000 +00:00,1,""
45,4EVERLAND,"","",true,2025-07-23 09:52:39.080000 +00:00,2025-07-23 09:52:39.080000 +00:00,2,""
49,5Blockers,"","",true,2025-07-23 09:52:39.080000 +00:00,2025-07-23 09:52:39.080000 +00:00,1,""
51,5G Cash,"","",true,2025-07-23 09:52:39.080000 +00:00,2025-07-23 09:52:39.080000 +00:00,1,""
58,8Pay,"","",true,2025-07-23 09:52:39.080000 +00:00,2025-07-23 09:52:39.080000 +00:00,1,""
59,A3S Protocol,"","",true,2025-07-23 09:52:39.080000 +00:00,2025-07-23 09:52:39.080000 +00:00,1,""
60,A51 Finance,"","",true,2025-07-23 09:52:39.080000 +00:00,2025-07-23 09:52:39.080000 +00:00,4,""
62,Aavegotchi,"","",true,2025-07-23 09:52:39.080000 +00:00,2025-07-23 09:52:39.080000 +00:00,4,""
76,AbstrLabs,"","",true,2025-07-23 09:52:39.080000 +00:00,2025-07-23 09:52:39.080000 +00:00,1,""
78,Abyss,"","",true,2025-07-23 09:52:39.080000 +00:00,2025-07-23 09:52:39.080000 +00:00,3,""
79,Abyss Token,"","",true,2025-07-23 09:52:39.080000 +00:00,2025-07-23 09:52:39.080000 +00:00,1,""
65,Abacus Network,"","",true,2025-07-23 09:52:39.080000 +00:00,2025-07-23 09:52:39.080000 +00:00,5,""
73,Abracadabra,"","",true,2025-07-23 09:52:39.080000 +00:00,2025-07-23 09:52:39.080000 +00:00,6,""
75,Abstract Money,"","",true,2025-07-23 09:52:39.080000 +00:00,2025-07-23 09:52:39.080000 +00:00,6,""
93,ACryptoS,"","",true,2025-07-23 09:52:39.080000 +00:00,2025-07-23 09:52:39.080000 +00:00,2,""
95,Actinium,"","",true,2025-07-23 09:52:39.080000 +00:00,2025-07-23 09:52:39.080000 +00:00,1,""
81,Accelar,"","",true,2025-07-23 09:52:39.080000 +00:00,2025-07-23 09:52:39.080000 +00:00,1,""
98,ACY Finance,"","",true,2025-07-23 09:52:39.080000 +00:00,2025-07-23 09:52:39.080000 +00:00,6,""
99,ACY Labs,"","",true,2025-07-23 09:52:39.080000 +00:00,2025-07-23 09:52:39.080000 +00:00,6,""
100,Adabox,"","",true,2025-07-23 09:52:39.080000 +00:00,2025-07-23 09:52:39.080000 +00:00,10,""
105,adbank,"","",true,2025-07-23 09:52:39.080000 +00:00,2025-07-23 09:52:39.080000 +00:00,1,""
106,adChain,"","",true,2025-07-23 09:52:39.080000 +00:00,2025-07-23 09:52:39.080000 +00:00,2,""
110,Adoria Soft,"","",true,2025-07-23 09:52:39.080000 +00:00,2025-07-23 09:52:39.080000 +00:00,1,""
111,Adosia,"","",true,2025-07-23 09:52:39.080000 +00:00,2025-07-23 09:52:39.080000 +00:00,3,""
83,Access Labs,"","",true,2025-07-23 09:52:39.080000 +00:00,2025-07-23 09:52:39.080000 +00:00,3,""
119,Aeon,"","",true,2025-07-23 09:52:39.080000 +00:00,2025-07-23 09:52:39.080000 +00:00,2,""
120,Aera Finance,"","",true,2025-07-23 09:52:39.080000 +00:00,2025-07-23 09:52:39.080000 +00:00,1,""
90,ACoconut,"","",true,2025-07-23 09:52:39.080000 +00:00,2025-07-23 09:52:39.080000 +00:00,3,""
94,Actifit,"","",true,2025-07-23 09:52:39.080000 +00:00,2025-07-23 09:52:39.080000 +00:00,2,""
124,Aerx,"","",true,2025-07-23 09:52:39.080000 +00:00,2025-07-23 09:52:39.080000 +00:00,3,""
2215,Ethereum Dev Tools,"","",true,2025-07-23 09:52:39.086000 +00:00,2025-07-23 09:52:39.086000 +00:00,13,Infrastructure
2217,Ethereum Execution,"","",true,2025-07-23 09:52:39.086000 +00:00,2025-07-23 09:52:39.086000 +00:00,141,""
2218,Ethereum Follow Protocol,"","",true,2025-07-23 09:52:39.086000 +00:00,2025-07-23 09:52:39.086000 +00:00,4,""
2220,EthereumJS,"","",true,2025-07-23 09:52:39.086000 +00:00,2025-07-23 09:52:39.086000 +00:00,8,""
140,Aidos Kuneen,"","",true,2025-07-23 09:52:39.080000 +00:00,2025-07-23 09:52:39.080000 +00:00,2,""
2221,Ethereum L2s,"","",false,2025-07-23 09:52:39.086000 +00:00,2025-07-23 09:52:39.086000 +00:00,5571,""
2222,Ethereum Name Service,"","",true,2025-07-23 09:52:39.086000 +00:00,2025-07-23 09:52:39.086000 +00:00,54,Infrastructure
2223,Ethereum OASIS Open Project,"","",true,2025-07-23 09:52:39.086000 +00:00,2025-07-23 09:52:39.086000 +00:00,1,""
2225,Ethereum Protocol Fellowship,"","",true,2025-07-23 09:52:39.086000 +00:00,2025-07-23 09:52:39.086000 +00:00,6,Community
2226,Ethereum Vault,"","",true,2025-07-23 09:52:39.086000 +00:00,2025-07-23 09:52:39.086000 +00:00,94,Infrastructure
149,AIRBLOC Protocol,"","",true,2025-07-23 09:52:39.080000 +00:00,2025-07-23 09:52:39.080000 +00:00,1,""
154,Air Protocol,"","",true,2025-07-23 09:52:39.080000 +00:00,2025-07-23 09:52:39.080000 +00:00,1,""
155,Airpuff,"","",true,2025-07-23 09:52:39.080000 +00:00,2025-07-23 09:52:39.080000 +00:00,1,""
2253,EthVM,"","",true,2025-07-23 09:52:39.086000 +00:00,2025-07-23 09:52:39.086000 +00:00,1,""
158,Aisland DAO,"","",true,2025-07-23 09:52:39.080000 +00:00,2025-07-23 09:52:39.080000 +00:00,3,""
2259,Euler Finance,"","",true,2025-07-23 09:52:39.086000 +00:00,2025-07-23 09:52:39.086000 +00:00,18,""
2266,EVAA Protocol,"","",true,2025-07-23 09:52:39.086000 +00:00,2025-07-23 09:52:39.086000 +00:00,4,""
2269,Eve Network,"","",true,2025-07-23 09:52:39.086000 +00:00,2025-07-23 09:52:39.086000 +00:00,2,""
2270,Evercity,"","",true,2025-07-23 09:52:39.086000 +00:00,2025-07-23 09:52:39.086000 +00:00,2,""
2277,Everipedia,"","",true,2025-07-23 09:52:39.086000 +00:00,2025-07-23 09:52:39.086000 +00:00,13,""
2282,Everscale,"","",true,2025-07-23 09:52:39.086000 +00:00,2025-07-23 09:52:39.086000 +00:00,40,Public Chain
2285,EVM Compatible Application,"","",false,2025-07-23 09:52:39.086000 +00:00,2025-07-23 09:52:39.086000 +00:00,132,""
2286,EVM Compatible L1 and L2,"","",false,2025-07-23 09:52:39.086000 +00:00,2025-07-23 09:52:39.086000 +00:00,13188,""
112,Adshares,"","",true,2025-07-23 09:52:39.080000 +00:00,2025-07-23 09:52:39.080000 +00:00,2,""
97,Acurast,"","",true,2025-07-23 09:52:39.080000 +00:00,2025-07-23 09:52:39.080000 +00:00,5,""
121,AERGO,"","",true,2025-07-23 09:52:39.080000 +00:00,2025-07-23 09:52:39.080000 +00:00,4,""
163,AKASHA,"","",true,2025-07-23 09:52:39.080000 +00:00,2025-07-23 09:52:39.080000 +00:00,3,""
122,Aerodrome,"","",true,2025-07-23 09:52:39.080000 +00:00,2025-07-23 09:52:39.080000 +00:00,4,""
126,Aevo,"","",true,2025-07-23 09:52:39.080000 +00:00,2025-07-23 09:52:39.080000 +00:00,7,""
127,Affinidi,"","",true,2025-07-23 09:52:39.080000 +00:00,2025-07-23 09:52:39.080000 +00:00,8,""
134,Agora Labs,"","",true,2025-07-23 09:52:39.080000 +00:00,2025-07-23 09:52:39.080000 +00:00,1,""
135,Agoras Tokens,"","",true,2025-07-23 09:52:39.080000 +00:00,2025-07-23 09:52:39.080000 +00:00,2,""
142,Aikin,"","",true,2025-07-23 09:52:39.080000 +00:00,2025-07-23 09:52:39.080000 +00:00,3,""
144,AIN Blockchain,"","",true,2025-07-23 09:52:39.080000 +00:00,2025-07-23 09:52:39.080000 +00:00,6,""
175,Alchemist,"","",true,2025-07-23 09:52:39.080000 +00:00,2025-07-23 09:52:39.080000 +00:00,2,""
145,Aion,"","",true,2025-07-23 09:52:39.080000 +00:00,2025-07-23 09:52:39.080000 +00:00,1,""
146,AIOZ Network,"","",true,2025-07-23 09:52:39.080000 +00:00,2025-07-23 09:52:39.080000 +00:00,4,""
186,Alethio,"","",true,2025-07-23 09:52:39.080000 +00:00,2025-07-23 09:52:39.080000 +00:00,1,""
147,Airalab,"","",true,2025-07-23 09:52:39.080000 +00:00,2025-07-23 09:52:39.080000 +00:00,13,""
156,Airstack,"","",true,2025-07-23 09:52:39.080000 +00:00,2025-07-23 09:52:39.080000 +00:00,1,""
191,Algobet Finance,"","",true,2025-07-23 09:52:39.080000 +00:00,2025-07-23 09:52:39.080000 +00:00,8,""
192,AlgoDex,"","",true,2025-07-23 09:52:39.080000 +00:00,2025-07-23 09:52:39.080000 +00:00,5,""
193,Algofi,"","",true,2025-07-23 09:52:39.080000 +00:00,2025-07-23 09:52:39.080000 +00:00,1,""
194,Algogard,"","",true,2025-07-23 09:52:39.080000 +00:00,2025-07-23 09:52:39.080000 +00:00,8,""
195,Algomint,"","",true,2025-07-23 09:52:39.080000 +00:00,2025-07-23 09:52:39.080000 +00:00,3,""
187,ALEX,"","",true,2025-07-23 09:52:39.080000 +00:00,2025-07-23 09:52:39.080000 +00:00,9,""
198,Algorand Labs,"","",true,2025-07-23 09:52:39.080000 +00:00,2025-07-23 09:52:39.080000 +00:00,4,""
2287,EVM Compatible Layer 1s,"","",false,2025-07-23 09:52:39.086000 +00:00,2025-07-23 09:52:39.086000 +00:00,12034,""
2288,"EVM Compatible Layer 1s, 2s, and Dapps","","",false,2025-07-23 09:52:39.086000 +00:00,2025-07-23 09:52:39.086000 +00:00,12449,""
201,Alice Finance,"","",true,2025-07-23 09:52:39.080000 +00:00,2025-07-23 09:52:39.080000 +00:00,1,""
2289,EVM Compatible Layer 2s,"","",false,2025-07-23 09:52:39.086000 +00:00,2025-07-23 09:52:39.086000 +00:00,6089,""
205,AlienSwap,"","",true,2025-07-23 09:52:39.080000 +00:00,2025-07-23 09:52:39.080000 +00:00,3,""
2290,EVM Multichain dApps,"","",false,2025-07-23 09:52:39.086000 +00:00,2025-07-23 09:52:39.086000 +00:00,1198,""
209,Align Network,"","",true,2025-07-23 09:52:39.080000 +00:00,2025-07-23 09:52:39.080000 +00:00,1,""
2291,EVMOS,"","",true,2025-07-23 09:52:39.086000 +00:00,2025-07-23 09:52:39.086000 +00:00,21,Public Chain
212,Alium Finance,"","",true,2025-07-23 09:52:39.080000 +00:00,2025-07-23 09:52:39.080000 +00:00,4,""
213,Alkemi,"","",true,2025-07-23 09:52:39.080000 +00:00,2025-07-23 09:52:39.080000 +00:00,2,""
2292,EVM Toolkit,"","",false,2025-07-23 09:52:39.086000 +00:00,2025-07-23 09:52:39.086000 +00:00,3398,""
2293,EVMts,"","",true,2025-07-23 09:52:39.086000 +00:00,2025-07-23 09:52:39.086000 +00:00,6,""
223,Alluo,"","",true,2025-07-23 09:52:39.080000 +00:00,2025-07-23 09:52:39.080000 +00:00,12,""
2294,Evolution Land,"","",true,2025-07-23 09:52:39.086000 +00:00,2025-07-23 09:52:39.086000 +00:00,1,""
2296,Evo Verses,"","",true,2025-07-23 09:52:39.086000 +00:00,2025-07-23 09:52:39.086000 +00:00,2,""
2297,Exactly,"","",true,2025-07-23 09:52:39.086000 +00:00,2025-07-23 09:52:39.086000 +00:00,5,""
2306,Exo,"","",true,2025-07-23 09:52:39.086000 +00:00,2025-07-23 09:52:39.086000 +00:00,5,""
2307,Exodus Movement,"","",true,2025-07-23 09:52:39.086000 +00:00,2025-07-23 09:52:39.086000 +00:00,36,""
2308,EXOR,"","",true,2025-07-23 09:52:39.086000 +00:00,2025-07-23 09:52:39.086000 +00:00,1,""
234,Alpha Finance Lab,"","",true,2025-07-23 09:52:39.080000 +00:00,2025-07-23 09:52:39.080000 +00:00,4,""
236,Alpha Homora,"","",true,2025-07-23 09:52:39.080000 +00:00,2025-07-23 09:52:39.080000 +00:00,4,""
241,Altafin Protocol,"","",true,2025-07-23 09:52:39.080000 +00:00,2025-07-23 09:52:39.080000 +00:00,1,""
242,Altcoin Exchange,"","",true,2025-07-23 09:52:39.080000 +00:00,2025-07-23 09:52:39.080000 +00:00,1,""
245,Altitude DeFi,"","",true,2025-07-23 09:52:39.080000 +00:00,2025-07-23 09:52:39.080000 +00:00,1,""
2309,Exorde,"","",true,2025-07-23 09:52:39.086000 +00:00,2025-07-23 09:52:39.086000 +00:00,2,""
2316,exSat Network,"","",true,2025-07-23 09:52:39.086000 +00:00,2025-07-23 09:52:39.086000 +00:00,13,""
253,Ambisafe,"","",true,2025-07-23 09:52:39.080000 +00:00,2025-07-23 09:52:39.080000 +00:00,3,""
2318,extrnode,"","",true,2025-07-23 09:52:39.086000 +00:00,2025-07-23 09:52:39.086000 +00:00,1,""
255,Amet Finance,"","",true,2025-07-23 09:52:39.080000 +00:00,2025-07-23 09:52:39.080000 +00:00,4,""
2320,EYWA Protocol,"","",true,2025-07-23 09:52:39.086000 +00:00,2025-07-23 09:52:39.086000 +00:00,2,""
258,AMO Coin,"","",true,2025-07-23 09:52:39.080000 +00:00,2025-07-23 09:52:39.080000 +00:00,1,""
261,Amoveo,"","",true,2025-07-23 09:52:39.080000 +00:00,2025-07-23 09:52:39.080000 +00:00,1,""
2326,FABRIC,"","",true,2025-07-23 09:52:39.086000 +00:00,2025-07-23 09:52:39.086000 +00:00,9,""
2327,Fabric.fm,"","",true,2025-07-23 09:52:39.086000 +00:00,2025-07-23 09:52:39.086000 +00:00,1,""
266,Amplify Protocol,"","",true,2025-07-23 09:52:39.080000 +00:00,2025-07-23 09:52:39.080000 +00:00,1,""
267,Ampnet,"","",true,2025-07-23 09:52:39.080000 +00:00,2025-07-23 09:52:39.080000 +00:00,2,""
2331,Factor,"","",true,2025-07-23 09:52:39.086000 +00:00,2025-07-23 09:52:39.086000 +00:00,2,""
269,Anagolay,"","",true,2025-07-23 09:52:39.080000 +00:00,2025-07-23 09:52:39.080000 +00:00,1,""
274,Anchor Protocol,"","",true,2025-07-23 09:52:39.080000 +00:00,2025-07-23 09:52:39.080000 +00:00,4,""
275,Andina Defi,"","",true,2025-07-23 09:52:39.080000 +00:00,2025-07-23 09:52:39.080000 +00:00,5,""
276,Andoromeda,"","",true,2025-07-23 09:52:39.080000 +00:00,2025-07-23 09:52:39.080000 +00:00,1,""
2332,Fairblock Network,"","",true,2025-07-23 09:52:39.086000 +00:00,2025-07-23 09:52:39.086000 +00:00,5,""
2333,Fair Data Society,"","",true,2025-07-23 09:52:39.086000 +00:00,2025-07-23 09:52:39.086000 +00:00,3,""
2334,Fairmint,"","",true,2025-07-23 09:52:39.086000 +00:00,2025-07-23 09:52:39.086000 +00:00,1,""
283,Anima Protocol,"","",true,2025-07-23 09:52:39.080000 +00:00,2025-07-23 09:52:39.080000 +00:00,6,""
287,Anmol Network,"","",true,2025-07-23 09:52:39.080000 +00:00,2025-07-23 09:52:39.080000 +00:00,1,""
290,ANON,"","",true,2025-07-23 09:52:39.080000 +00:00,2025-07-23 09:52:39.080000 +00:00,2,""
2336,Family,"","",true,2025-07-23 09:52:39.087000 +00:00,2025-07-23 09:52:39.087000 +00:00,1,""
293,Another World,"","",true,2025-07-23 09:52:39.081000 +00:00,2025-07-23 09:52:39.081000 +00:00,1,""
2339,Fantom,"","",true,2025-07-23 09:52:39.087000 +00:00,2025-07-23 09:52:39.087000 +00:00,299,Public Chain
295,Ante,"","",true,2025-07-23 09:52:39.081000 +00:00,2025-07-23 09:52:39.081000 +00:00,41,""
298,Antimatter Dao,"","",true,2025-07-23 09:52:39.081000 +00:00,2025-07-23 09:52:39.081000 +00:00,6,""
299,Antlia,"","",true,2025-07-23 09:52:39.081000 +00:00,2025-07-23 09:52:39.081000 +00:00,2,""
302,Anzen,"","",true,2025-07-23 09:52:39.081000 +00:00,2025-07-23 09:52:39.081000 +00:00,1,""
304,AOK Chain,"","",true,2025-07-23 09:52:39.081000 +00:00,2025-07-23 09:52:39.081000 +00:00,4,""
2343,Farcaster,"","",true,2025-07-23 09:52:39.087000 +00:00,2025-07-23 09:52:39.087000 +00:00,85,Community
2349,Fathom,"","",true,2025-07-23 09:52:39.087000 +00:00,2025-07-23 09:52:39.087000 +00:00,5,""
6918,Apeiron,"","",true,2025-08-05 04:56:00.869000 +00:00,2025-08-05 04:56:00.869000 +00:00,2,""
2354,Fedimint,"","",true,2025-07-23 09:52:39.087000 +00:00,2025-07-23 09:52:39.087000 +00:00,15,""
2359,Fennel Labs,"","",true,2025-07-23 09:52:39.087000 +00:00,2025-07-23 09:52:39.087000 +00:00,3,""
2360,Fennel Protocol,"","",true,2025-07-23 09:52:39.087000 +00:00,2025-07-23 09:52:39.087000 +00:00,3,""
313,Aphelion,"","",true,2025-07-23 09:52:39.081000 +00:00,2025-07-23 09:52:39.081000 +00:00,1,""
316,API3 Ecosystem,"","",true,2025-07-23 09:52:39.081000 +00:00,2025-07-23 09:52:39.081000 +00:00,3,""
320,Apollo,"","",true,2025-07-23 09:52:39.081000 +00:00,2025-07-23 09:52:39.081000 +00:00,2,""
321,Apollo Currency,"","",true,2025-07-23 09:52:39.081000 +00:00,2025-07-23 09:52:39.081000 +00:00,2,""
323,ApolloX,"","",true,2025-07-23 09:52:39.081000 +00:00,2025-07-23 09:52:39.081000 +00:00,5,""
160,Ajna Finance,"","",true,2025-07-23 09:52:39.080000 +00:00,2025-07-23 09:52:39.080000 +00:00,1,""
329,Apricot Finance,"","",true,2025-07-23 09:52:39.081000 +00:00,2025-07-23 09:52:39.081000 +00:00,2,""
330,Apron Labs,"","",true,2025-07-23 09:52:39.081000 +00:00,2025-07-23 09:52:39.081000 +00:00,2,""
161,Ajuna Network,"","",true,2025-07-23 09:52:39.080000 +00:00,2025-07-23 09:52:39.080000 +00:00,5,""
333,APT ID,"","",true,2025-07-23 09:52:39.081000 +00:00,2025-07-23 09:52:39.081000 +00:00,1,""
339,Aptosis,"","",true,2025-07-23 09:52:39.081000 +00:00,2025-07-23 09:52:39.081000 +00:00,2,""
341,Aptos Rabbit,"","",true,2025-07-23 09:52:39.081000 +00:00,2025-07-23 09:52:39.081000 +00:00,3,""
342,APWine,"","",true,2025-07-23 09:52:39.081000 +00:00,2025-07-23 09:52:39.081000 +00:00,3,""
343,APY.Finance,"","",true,2025-07-23 09:52:39.081000 +00:00,2025-07-23 09:52:39.081000 +00:00,1,""
164,AKASHA Foundation,"","",true,2025-07-23 09:52:39.080000 +00:00,2025-07-23 09:52:39.080000 +00:00,8,""
168,Akropolis,"","",true,2025-07-23 09:52:39.080000 +00:00,2025-07-23 09:52:39.080000 +00:00,1,""
350,Arable Protocol,"","",true,2025-07-23 09:52:39.081000 +00:00,2025-07-23 09:52:39.081000 +00:00,98,""
352,Aragon Court,"","",true,2025-07-23 09:52:39.081000 +00:00,2025-07-23 09:52:39.081000 +00:00,1,""
169,Aktionariat,"","",true,2025-07-23 09:52:39.080000 +00:00,2025-07-23 09:52:39.080000 +00:00,2,""
354,Arbchain,"","",true,2025-07-23 09:52:39.081000 +00:00,2025-07-23 09:52:39.081000 +00:00,1,""
357,Arbi's Finance,"","",true,2025-07-23 09:52:39.081000 +00:00,2025-07-23 09:52:39.081000 +00:00,5,""
170,AladdinDAO,"","",true,2025-07-23 09:52:39.080000 +00:00,2025-07-23 09:52:39.080000 +00:00,4,""
359,arbitoor,"","",true,2025-07-23 09:52:39.081000 +00:00,2025-07-23 09:52:39.081000 +00:00,1,""
171,Alastria,"","",true,2025-07-23 09:52:39.080000 +00:00,2025-07-23 09:52:39.080000 +00:00,6,""
172,Alaya Network,"","",true,2025-07-23 09:52:39.080000 +00:00,2025-07-23 09:52:39.080000 +00:00,2,""
366,Arbor Protocol,"","",true,2025-07-23 09:52:39.081000 +00:00,2025-07-23 09:52:39.081000 +00:00,7,""
369,Arcade City,"","",true,2025-07-23 09:52:39.081000 +00:00,2025-07-23 09:52:39.081000 +00:00,2,""
371,Arcade.xyz,"","",true,2025-07-23 09:52:39.081000 +00:00,2025-07-23 09:52:39.081000 +00:00,5,""
173,Albus Protocol,"","",true,2025-07-23 09:52:39.080000 +00:00,2025-07-23 09:52:39.080000 +00:00,3,""
180,Aldrin,"","",true,2025-07-23 09:52:39.080000 +00:00,2025-07-23 09:52:39.080000 +00:00,4,""
181,Aleo,"","",true,2025-07-23 09:52:39.080000 +00:00,2025-07-23 09:52:39.080000 +00:00,64,Public Chain
2361,Ferrum Network,"","",true,2025-07-23 09:52:39.087000 +00:00,2025-07-23 09:52:39.087000 +00:00,4,""
378,Archer DAO Governance Token,"","",true,2025-07-23 09:52:39.081000 +00:00,2025-07-23 09:52:39.081000 +00:00,1,""
2363,Fetch.ai,"","",true,2025-07-23 09:52:39.087000 +00:00,2025-07-23 09:52:39.087000 +00:00,31,Public Chain
2366,Fhenix Protocol,"","",true,2025-07-23 09:52:39.087000 +00:00,2025-07-23 09:52:39.087000 +00:00,12,""
380,Archimedes Finance,"","",true,2025-07-23 09:52:39.081000 +00:00,2025-07-23 09:52:39.081000 +00:00,8,""
2367,Fiat Connect,"","",true,2025-07-23 09:52:39.087000 +00:00,2025-07-23 09:52:39.087000 +00:00,2,""
384,Arcology,"","",true,2025-07-23 09:52:39.081000 +00:00,2025-07-23 09:52:39.081000 +00:00,4,""
2369,Fiber,"","",true,2025-07-23 09:52:39.087000 +00:00,2025-07-23 09:52:39.087000 +00:00,6,""
2371,Fibrous Finance,"","",true,2025-07-23 09:52:39.087000 +00:00,2025-07-23 09:52:39.087000 +00:00,3,""
2374,Figment,"","",true,2025-07-23 09:52:39.087000 +00:00,2025-07-23 09:52:39.087000 +00:00,9,""
393,Ares Protocol,"","",true,2025-07-23 09:52:39.081000 +00:00,2025-07-23 09:52:39.081000 +00:00,1,""
395,Argentum,"","",true,2025-07-23 09:52:39.081000 +00:00,2025-07-23 09:52:39.081000 +00:00,1,""
2375,Figure,"","",true,2025-07-23 09:52:39.087000 +00:00,2025-07-23 09:52:39.087000 +00:00,11,""
2377,Filebase,"","",true,2025-07-23 09:52:39.087000 +00:00,2025-07-23 09:52:39.087000 +00:00,1,""
2378,Filecoin,"","",true,2025-07-23 09:52:39.087000 +00:00,2025-07-23 09:52:39.087000 +00:00,465,Infrastructure
2380,Fileverse,"","",true,2025-07-23 09:52:39.087000 +00:00,2025-07-23 09:52:39.087000 +00:00,12,""
2381,Filmine,"","",true,2025-07-23 09:52:39.087000 +00:00,2025-07-23 09:52:39.087000 +00:00,3,""
2382,FilSwan,"","",true,2025-07-23 09:52:39.087000 +00:00,2025-07-23 09:52:39.087000 +00:00,5,""
2383,finalbiome,"","",true,2025-07-23 09:52:39.087000 +00:00,2025-07-23 09:52:39.087000 +00:00,1,""
2386,Findonflow,"","",true,2025-07-23 09:52:39.087000 +00:00,2025-07-23 09:52:39.087000 +00:00,1,""
412,Arkreen,"","",true,2025-07-23 09:52:39.081000 +00:00,2025-07-23 09:52:39.081000 +00:00,1,""
2387,Findora,"","",true,2025-07-23 09:52:39.087000 +00:00,2025-07-23 09:52:39.087000 +00:00,4,""
2391,FINSCHIA,"","",true,2025-07-23 09:52:39.087000 +00:00,2025-07-23 09:52:39.087000 +00:00,1,""
417,Armors,"","",true,2025-07-23 09:52:39.081000 +00:00,2025-07-23 09:52:39.081000 +00:00,2,""
2395,FIO Protocol,"","",true,2025-07-23 09:52:39.087000 +00:00,2025-07-23 09:52:39.087000 +00:00,8,""
2398,Fireblocks,"","",true,2025-07-23 09:52:39.087000 +00:00,2025-07-23 09:52:39.087000 +00:00,36,Infrastructure
2399,Firefly,"","",true,2025-07-23 09:52:39.087000 +00:00,2025-07-23 09:52:39.087000 +00:00,22,""
421,Arrow Protocol,"","",true,2025-07-23 09:52:39.081000 +00:00,2025-07-23 09:52:39.081000 +00:00,1,""
2401,Fireside,"","",true,2025-07-23 09:52:39.087000 +00:00,2025-07-23 09:52:39.087000 +00:00,1,""
425,artgobblers,"","",true,2025-07-23 09:52:39.081000 +00:00,2025-07-23 09:52:39.081000 +00:00,6,""
2402,FirmaChain,"","",true,2025-07-23 09:52:39.087000 +00:00,2025-07-23 09:52:39.087000 +00:00,3,""
2403,Firo,"","",true,2025-07-23 09:52:39.087000 +00:00,2025-07-23 09:52:39.087000 +00:00,11,""
2406,FISCO-BCOS,"","",true,2025-07-23 09:52:39.087000 +00:00,2025-07-23 09:52:39.087000 +00:00,11,Public Chain
434,Aryacoin,"","",true,2025-07-23 09:52:39.081000 +00:00,2025-07-23 09:52:39.081000 +00:00,1,""
435,Asa Gold,"","",true,2025-07-23 09:52:39.081000 +00:00,2025-07-23 09:52:39.081000 +00:00,3,""
2408,Fishcake,"","",true,2025-07-23 09:52:39.087000 +00:00,2025-07-23 09:52:39.087000 +00:00,4,""
437,AscendEx Token,"","",true,2025-07-23 09:52:39.081000 +00:00,2025-07-23 09:52:39.081000 +00:00,1,""
438,Asch,"","",true,2025-07-23 09:52:39.081000 +00:00,2025-07-23 09:52:39.081000 +00:00,1,""
2412,Fixes World,"","",true,2025-07-23 09:52:39.087000 +00:00,2025-07-23 09:52:39.087000 +00:00,1,""
440,AshSwap,"","",true,2025-07-23 09:52:39.081000 +00:00,2025-07-23 09:52:39.081000 +00:00,8,""
442,Askobar Network,"","",true,2025-07-23 09:52:39.081000 +00:00,2025-07-23 09:52:39.081000 +00:00,1,""
443,aSOL,"","",true,2025-07-23 09:52:39.081000 +00:00,2025-07-23 09:52:39.081000 +00:00,1,""
444,Aspire,"","",true,2025-07-23 09:52:39.081000 +00:00,2025-07-23 09:52:39.081000 +00:00,1,""
2418,Flare,"","",true,2025-07-23 09:52:39.087000 +00:00,2025-07-23 09:52:39.087000 +00:00,24,Public Chain
2420,Flashbots,"","",true,2025-07-23 09:52:39.087000 +00:00,2025-07-23 09:52:39.087000 +00:00,47,Infrastructure
449,AssetDesk,"","",true,2025-07-23 09:52:39.081000 +00:00,2025-07-23 09:52:39.081000 +00:00,3,""
2425,FleekHQ,"","",true,2025-07-23 09:52:39.087000 +00:00,2025-07-23 09:52:39.087000 +00:00,4,""
451,AstariaXYZ,"","",true,2025-07-23 09:52:39.081000 +00:00,2025-07-23 09:52:39.081000 +00:00,8,""
2427,FleetSDK,"","",true,2025-07-23 09:52:39.087000 +00:00,2025-07-23 09:52:39.087000 +00:00,3,""
2463,Fluent Labs,"","",true,2025-07-23 09:52:39.087000 +00:00,2025-07-23 09:52:39.087000 +00:00,11,""
2466,Fluidity Money,"","",true,2025-07-23 09:52:39.087000 +00:00,2025-07-23 09:52:39.087000 +00:00,3,""
2467,Fluidkey,"","",true,2025-07-23 09:52:39.087000 +00:00,2025-07-23 09:52:39.087000 +00:00,6,""
2473,Flux (Run On Flux),"","",true,2025-07-23 09:52:39.087000 +00:00,2025-07-23 09:52:39.087000 +00:00,11,Public Chain
2477,FOAM,"","",true,2025-07-23 09:52:39.087000 +00:00,2025-07-23 09:52:39.087000 +00:00,1,""
467,Async Art,"","",true,2025-07-23 09:52:39.081000 +00:00,2025-07-23 09:52:39.081000 +00:00,1,""
2479,Folks Finance,"","",true,2025-07-23 09:52:39.087000 +00:00,2025-07-23 09:52:39.087000 +00:00,6,""
469,AthleteX,"","",true,2025-07-23 09:52:39.081000 +00:00,2025-07-23 09:52:39.081000 +00:00,17,""
2481,Footprint Analytics,"","",true,2025-07-23 09:52:39.087000 +00:00,2025-07-23 09:52:39.087000 +00:00,4,""
474,Atlas Protocol,"","",true,2025-07-23 09:52:39.081000 +00:00,2025-07-23 09:52:39.081000 +00:00,1,""
478,ATN,"","",true,2025-07-23 09:52:39.081000 +00:00,2025-07-23 09:52:39.081000 +00:00,1,""
480,Atomex,"","",true,2025-07-23 09:52:39.081000 +00:00,2025-07-23 09:52:39.081000 +00:00,3,""
482,AtomicHub,"","",true,2025-07-23 09:52:39.081000 +00:00,2025-07-23 09:52:39.081000 +00:00,9,""
485,Atomic Wallet Coin,"","",true,2025-07-23 09:52:39.081000 +00:00,2025-07-23 09:52:39.081000 +00:00,4,""
488,Attic Lab,"","",true,2025-07-23 09:52:39.081000 +00:00,2025-07-23 09:52:39.081000 +00:00,4,""
490,Auctus,"","",true,2025-07-23 09:52:39.081000 +00:00,2025-07-23 09:52:39.081000 +00:00,1,""
183,Aleph.im,"","",true,2025-07-23 09:52:39.080000 +00:00,2025-07-23 09:52:39.080000 +00:00,13,""
189,alexgo-io,"","",true,2025-07-23 09:52:39.080000 +00:00,2025-07-23 09:52:39.080000 +00:00,9,""
190,Algebra,"","",true,2025-07-23 09:52:39.080000 +00:00,2025-07-23 09:52:39.080000 +00:00,7,""
496,Augmint,"","",true,2025-07-23 09:52:39.081000 +00:00,2025-07-23 09:52:39.081000 +00:00,1,""
196,AlgoNode,"","",true,2025-07-23 09:52:39.080000 +00:00,2025-07-23 09:52:39.080000 +00:00,3,""
199,AlgoWorld,"","",true,2025-07-23 09:52:39.080000 +00:00,2025-07-23 09:52:39.080000 +00:00,1,""
200,AlgoWorldNFT,"","",true,2025-07-23 09:52:39.080000 +00:00,2025-07-23 09:52:39.080000 +00:00,1,""
202,AliceNet,"","",true,2025-07-23 09:52:39.080000 +00:00,2025-07-23 09:52:39.080000 +00:00,2,""
207,Alien Worlds,"","",true,2025-07-23 09:52:39.080000 +00:00,2025-07-23 09:52:39.080000 +00:00,5,""
510,Autofarm Network,"","",true,2025-07-23 09:52:39.081000 +00:00,2025-07-23 09:52:39.081000 +00:00,2,""
210,ALIS,"","",true,2025-07-23 09:52:39.080000 +00:00,2025-07-23 09:52:39.080000 +00:00,1,""
513,Autonomy Network,"","",true,2025-07-23 09:52:39.081000 +00:00,2025-07-23 09:52:39.081000 +00:00,12,""
514,AutoShark.Finance,"","",true,2025-07-23 09:52:39.081000 +00:00,2025-07-23 09:52:39.081000 +00:00,1,""
515,AUX Exchange,"","",true,2025-07-23 09:52:39.081000 +00:00,2025-07-23 09:52:39.081000 +00:00,10,""
214,ALL,"","",false,2025-07-23 09:52:39.080000 +00:00,2025-07-23 09:52:39.080000 +00:00,31478,""
216,AllianceBlock,"","",true,2025-07-23 09:52:39.080000 +00:00,2025-07-23 09:52:39.080000 +00:00,2,""
227,Aloe Labs,"","",true,2025-07-23 09:52:39.080000 +00:00,2025-07-23 09:52:39.080000 +00:00,2,""
522,Avalaunch,"","",true,2025-07-23 09:52:39.081000 +00:00,2025-07-23 09:52:39.081000 +00:00,3,""
229,Alpaca Finance,"","",true,2025-07-23 09:52:39.080000 +00:00,2025-07-23 09:52:39.080000 +00:00,1,""
527,Ava's DAO,"","",true,2025-07-23 09:52:39.081000 +00:00,2025-07-23 09:52:39.081000 +00:00,1,""
531,Aventus,"","",true,2025-07-23 09:52:39.081000 +00:00,2025-07-23 09:52:39.081000 +00:00,2,""
532,Avex Defy,"","",true,2025-07-23 09:52:39.081000 +00:00,2025-07-23 09:52:39.081000 +00:00,1,""
533,Avian Network,"","",true,2025-07-23 09:52:39.081000 +00:00,2025-07-23 09:52:39.081000 +00:00,7,""
230,Alpen,"","",true,2025-07-23 09:52:39.080000 +00:00,2025-07-23 09:52:39.080000 +00:00,29,""
2482,Forbole,"","",true,2025-07-23 09:52:39.087000 +00:00,2025-07-23 09:52:39.087000 +00:00,5,""
2485,Forge4 Flow,"","",true,2025-07-23 09:52:39.087000 +00:00,2025-07-23 09:52:39.087000 +00:00,1,""
543,axia-coin,"","",true,2025-07-23 09:52:39.081000 +00:00,2025-07-23 09:52:39.081000 +00:00,2,""
544,Axial Entertainment Digital Asset,"","",true,2025-07-23 09:52:39.081000 +00:00,2025-07-23 09:52:39.081000 +00:00,1,""
2491,Forta Network,"","",true,2025-07-23 09:52:39.087000 +00:00,2025-07-23 09:52:39.087000 +00:00,7,""
2498,ForwardX,"","",true,2025-07-23 09:52:39.087000 +00:00,2025-07-23 09:52:39.087000 +00:00,1,""
550,Axon Web3,"","",true,2025-07-23 09:52:39.081000 +00:00,2025-07-23 09:52:39.081000 +00:00,33,""
2500,Foundry,"","",true,2025-07-23 09:52:39.087000 +00:00,2025-07-23 09:52:39.087000 +00:00,2514,Infrastructure
2505,FoxWallet,"","",true,2025-07-23 09:52:39.087000 +00:00,2025-07-23 09:52:39.087000 +00:00,7,""
2507,Fractal,"","",true,2025-07-23 09:52:39.087000 +00:00,2025-07-23 09:52:39.087000 +00:00,1,""
559,Babelfish Protocol,"","",true,2025-07-23 09:52:39.081000 +00:00,2025-07-23 09:52:39.081000 +00:00,4,""
561,Baby Doge Coin,"","",true,2025-07-23 09:52:39.081000 +00:00,2025-07-23 09:52:39.081000 +00:00,1,""
563,Babylon Finance,"","",true,2025-07-23 09:52:39.081000 +00:00,2025-07-23 09:52:39.081000 +00:00,3,""
564,BabySwap,"","",true,2025-07-23 09:52:39.081000 +00:00,2025-07-23 09:52:39.081000 +00:00,1,""
2508,Fractal Bitcoin,"","",true,2025-07-23 09:52:39.087000 +00:00,2025-07-23 09:52:39.087000 +00:00,3,""
567,Backed.xyz (Papr.wtf),"","",true,2025-07-23 09:52:39.081000 +00:00,2025-07-23 09:52:39.081000 +00:00,6,""
2511,Fragcolor,"","",true,2025-07-23 09:52:39.087000 +00:00,2025-07-23 09:52:39.087000 +00:00,3,""
2512,Fragmetric Labs,"","",true,2025-07-23 09:52:39.087000 +00:00,2025-07-23 09:52:39.087000 +00:00,6,""
2513,frakt,"","",true,2025-07-23 09:52:39.087000 +00:00,2025-07-23 09:52:39.087000 +00:00,4,""
2514,Frame,"","",true,2025-07-23 09:52:39.087000 +00:00,2025-07-23 09:52:39.087000 +00:00,2,""
575,Baguette,"","",true,2025-07-23 09:52:39.081000 +00:00,2025-07-23 09:52:39.081000 +00:00,2,""
576,Baguette Token,"","",true,2025-07-23 09:52:39.081000 +00:00,2025-07-23 09:52:39.081000 +00:00,2,""
582,Balance,"","",true,2025-07-23 09:52:39.081000 +00:00,2025-07-23 09:52:39.081000 +00:00,1,""
583,Balance Analytics,"","",true,2025-07-23 09:52:39.081000 +00:00,2025-07-23 09:52:39.081000 +00:00,2,""
2516,Frax,"","",true,2025-07-23 09:52:39.087000 +00:00,2025-07-23 09:52:39.087000 +00:00,7,""
2517,Fraxtal,"","",true,2025-07-23 09:52:39.087000 +00:00,2025-07-23 09:52:39.087000 +00:00,18,""
2518,Free,"","",true,2025-07-23 09:52:39.087000 +00:00,2025-07-23 09:52:39.087000 +00:00,3,""
2522,Freename,"","",true,2025-07-23 09:52:39.087000 +00:00,2025-07-23 09:52:39.087000 +00:00,2,""
2525,Frequency,"","",true,2025-07-23 09:52:39.087000 +00:00,2025-07-23 09:52:39.087000 +00:00,8,""
597,Bancacy,"","",true,2025-07-23 09:52:39.081000 +00:00,2025-07-23 09:52:39.081000 +00:00,1,""
2528,friedger-pool,"","",true,2025-07-23 09:52:39.087000 +00:00,2025-07-23 09:52:39.087000 +00:00,1,""
2533,FRIES COIN(FRYS),"","",true,2025-07-23 09:52:39.087000 +00:00,2025-07-23 09:52:39.087000 +00:00,3,""
604,BankOfChain,"","",true,2025-07-23 09:52:39.081000 +00:00,2025-07-23 09:52:39.081000 +00:00,8,""
605,Bank of Staked,"","",true,2025-07-23 09:52:39.081000 +00:00,2025-07-23 09:52:39.081000 +00:00,1,""
2535,Fringe Finance,"","",true,2025-07-23 09:52:39.087000 +00:00,2025-07-23 09:52:39.087000 +00:00,2,""
2540,Fuel,"","",true,2025-07-23 09:52:39.087000 +00:00,2025-07-23 09:52:39.087000 +00:00,162,Infrastructure
611,BarnBridge,"","",true,2025-07-23 09:52:39.081000 +00:00,2025-07-23 09:52:39.081000 +00:00,3,""
2541,Fuel DAO,"","",true,2025-07-23 09:52:39.087000 +00:00,2025-07-23 09:52:39.087000 +00:00,3,""
2544,Fuji Money,"","",true,2025-07-23 09:52:39.087000 +00:00,2025-07-23 09:52:39.087000 +00:00,1,""
618,Basicbeasts,"","",true,2025-07-23 09:52:39.081000 +00:00,2025-07-23 09:52:39.081000 +00:00,2,""
625,Battlemon,"","",true,2025-07-23 09:52:39.081000 +00:00,2025-07-23 09:52:39.081000 +00:00,7,""
628,Beamer,"","",true,2025-07-23 09:52:39.081000 +00:00,2025-07-23 09:52:39.081000 +00:00,11,""
2547,Fullcount,"","",true,2025-07-23 09:52:39.087000 +00:00,2025-07-23 09:52:39.087000 +00:00,8,""
2548,Functionland,"","",true,2025-07-23 09:52:39.087000 +00:00,2025-07-23 09:52:39.087000 +00:00,2,""
2549,Function X,"","",true,2025-07-23 09:52:39.087000 +00:00,2025-07-23 09:52:39.087000 +00:00,7,""
2553,FunFair,"","",true,2025-07-23 09:52:39.087000 +00:00,2025-07-23 09:52:39.087000 +00:00,2,""
2555,Funkichain,"","",true,2025-07-23 09:52:39.087000 +00:00,2025-07-23 09:52:39.087000 +00:00,2,""
2558,Furucombo,"","",true,2025-07-23 09:52:39.087000 +00:00,2025-07-23 09:52:39.087000 +00:00,2,""
644,Behodler,"","",true,2025-07-23 09:52:39.081000 +00:00,2025-07-23 09:52:39.081000 +00:00,4,""
2559,Fuse,"","",true,2025-07-23 09:52:39.087000 +00:00,2025-07-23 09:52:39.087000 +00:00,35,Public Chain
2562,Fusionist,"","",true,2025-07-23 09:52:39.087000 +00:00,2025-07-23 09:52:39.087000 +00:00,3,""
2563,FusionX Finance,"","",true,2025-07-23 09:52:39.087000 +00:00,2025-07-23 09:52:39.087000 +00:00,1,""
2570,fuzzland,"","",true,2025-07-23 09:52:39.087000 +00:00,2025-07-23 09:52:39.087000 +00:00,3,""
657,BENQI,"","",true,2025-07-23 09:52:39.081000 +00:00,2025-07-23 09:52:39.081000 +00:00,1,""
658,Bepro Network,"","",true,2025-07-23 09:52:39.081000 +00:00,2025-07-23 09:52:39.081000 +00:00,18,""
2572,f(x) Protocol,"","",true,2025-07-23 09:52:39.087000 +00:00,2025-07-23 09:52:39.087000 +00:00,4,""
663,Berry Data,"","",true,2025-07-23 09:52:39.081000 +00:00,2025-07-23 09:52:39.081000 +00:00,1,""
666,Beta Finance,"","",true,2025-07-23 09:52:39.081000 +00:00,2025-07-23 09:52:39.081000 +00:00,3,""
668,Betoken,"","",true,2025-07-23 09:52:39.081000 +00:00,2025-07-23 09:52:39.081000 +00:00,1,""
2574,Gabo Tech,"","",true,2025-07-23 09:52:39.087000 +00:00,2025-07-23 09:52:39.087000 +00:00,1,""
2575,Gafi Network,"","",true,2025-07-23 09:52:39.087000 +00:00,2025-07-23 09:52:39.087000 +00:00,1,""
2576,GAIA,"","",true,2025-07-23 09:52:39.087000 +00:00,2025-07-23 09:52:39.087000 +00:00,10,""
2580,galactic council,"","",true,2025-07-23 09:52:39.087000 +00:00,2025-07-23 09:52:39.087000 +00:00,18,""
677,Bho Network,"","",true,2025-07-23 09:52:39.081000 +00:00,2025-07-23 09:52:39.081000 +00:00,3,""
679,Biatec Accounting,"","",true,2025-07-23 09:52:39.081000 +00:00,2025-07-23 09:52:39.081000 +00:00,3,""
231,AlphaBatem Labs,"","",true,2025-07-23 09:52:39.080000 +00:00,2025-07-23 09:52:39.080000 +00:00,8,""
232,Alphaday,"","",true,2025-07-23 09:52:39.080000 +00:00,2025-07-23 09:52:39.080000 +00:00,5,""
233,Alpha Fi,"","",true,2025-07-23 09:52:39.080000 +00:00,2025-07-23 09:52:39.080000 +00:00,5,""
689,Big Data Protocol,"","",true,2025-07-23 09:52:39.081000 +00:00,2025-07-23 09:52:39.081000 +00:00,2,""
690,Big Whale Labs,"","",true,2025-07-23 09:52:39.081000 +00:00,2025-07-23 09:52:39.081000 +00:00,17,""
246,Altlayer,"","",true,2025-07-23 09:52:39.080000 +00:00,2025-07-23 09:52:39.080000 +00:00,17,""
697,Binance USD,"","",true,2025-07-23 09:52:39.081000 +00:00,2025-07-23 09:52:39.081000 +00:00,3,""
708,Bison,"","",true,2025-07-23 09:52:39.081000 +00:00,2025-07-23 09:52:39.081000 +00:00,5,""
709,Bison Trails,"","",true,2025-07-23 09:52:39.081000 +00:00,2025-07-23 09:52:39.081000 +00:00,5,""
250,Ambient,"","",true,2025-07-23 09:52:39.080000 +00:00,2025-07-23 09:52:39.080000 +00:00,7,""
713,biswapcom,"","",true,2025-07-23 09:52:39.081000 +00:00,2025-07-23 09:52:39.081000 +00:00,2,""
254,Ambrosus,"","",true,2025-07-23 09:52:39.080000 +00:00,2025-07-23 09:52:39.080000 +00:00,14,""
256,Ammer Tech,"","",true,2025-07-23 09:52:39.080000 +00:00,2025-07-23 09:52:39.080000 +00:00,1,""
720,BitCapitalVendor,"","",true,2025-07-23 09:52:39.081000 +00:00,2025-07-23 09:52:39.081000 +00:00,1,""
264,Ampleforth,"","",true,2025-07-23 09:52:39.080000 +00:00,2025-07-23 09:52:39.080000 +00:00,3,""
726,BitClave,"","",true,2025-07-23 09:52:39.081000 +00:00,2025-07-23 09:52:39.081000 +00:00,1,""
265,Amplica Labs,"","",true,2025-07-23 09:52:39.080000 +00:00,2025-07-23 09:52:39.080000 +00:00,15,""
733,Bitcoin 2,"","",true,2025-07-23 09:52:39.081000 +00:00,2025-07-23 09:52:39.081000 +00:00,2,""
734,Bitcoin Atom,"","",true,2025-07-23 09:52:39.081000 +00:00,2025-07-23 09:52:39.081000 +00:00,3,""
738,Bitcoin Confidential,"","",true,2025-07-23 09:52:39.081000 +00:00,2025-07-23 09:52:39.081000 +00:00,1,""
268,Amun Tokens,"","",true,2025-07-23 09:52:39.080000 +00:00,2025-07-23 09:52:39.080000 +00:00,2,""
273,Anchor Framework,"","",true,2025-07-23 09:52:39.080000 +00:00,2025-07-23 09:52:39.080000 +00:00,806,Infrastructure
756,Bitcoin Vault,"","",true,2025-07-23 09:52:39.081000 +00:00,2025-07-23 09:52:39.081000 +00:00,2,""
278,Anduro,"","",true,2025-07-23 09:52:39.080000 +00:00,2025-07-23 09:52:39.080000 +00:00,6,""
279,anetaBTC,"","",true,2025-07-23 09:52:39.080000 +00:00,2025-07-23 09:52:39.080000 +00:00,5,""
280,Angle Protocol,"","",true,2025-07-23 09:52:39.080000 +00:00,2025-07-23 09:52:39.080000 +00:00,14,""
761,BitDegree,"","",true,2025-07-23 09:52:39.081000 +00:00,2025-07-23 09:52:39.081000 +00:00,1,""
762,BitElite,"","",true,2025-07-23 09:52:39.081000 +00:00,2025-07-23 09:52:39.081000 +00:00,1,""
291,Anon Aadhaar,"","",true,2025-07-23 09:52:39.080000 +00:00,2025-07-23 09:52:39.081000 +00:00,4,""
294,Antalpha Labs,"","",true,2025-07-23 09:52:39.081000 +00:00,2025-07-23 09:52:39.081000 +00:00,15,""
305,Aori,"","",true,2025-07-23 09:52:39.081000 +00:00,2025-07-23 09:52:39.081000 +00:00,1,""
772,BitGlobal (formerly Bithumb Global),"","",true,2025-07-23 09:52:39.081000 +00:00,2025-07-23 09:52:39.081000 +00:00,1,""
307,Apecoin (BAYC),"","",true,2025-07-23 09:52:39.081000 +00:00,2025-07-23 09:52:39.081000 +00:00,4,""
777,Bither (Wallet),"","",true,2025-07-23 09:52:39.081000 +00:00,2025-07-23 09:52:39.081000 +00:00,2,""
778,Bithotel,"","",true,2025-07-23 09:52:39.081000 +00:00,2025-07-23 09:52:39.081000 +00:00,3,""
779,Bit Hotel,"","",true,2025-07-23 09:52:39.081000 +00:00,2025-07-23 09:52:39.081000 +00:00,3,""
310,Aperture Finance,"","",true,2025-07-23 09:52:39.081000 +00:00,2025-07-23 09:52:39.081000 +00:00,4,""
311,ApeSwap Finance,"","",true,2025-07-23 09:52:39.081000 +00:00,2025-07-23 09:52:39.081000 +00:00,8,""
784,Bitlend,"","",true,2025-07-23 09:52:39.081000 +00:00,2025-07-23 09:52:39.081000 +00:00,2,""
2581,Galaxy Exchange,"","",true,2025-07-23 09:52:39.087000 +00:00,2025-07-23 09:52:39.087000 +00:00,1,""
2585,Galt Project,"","",true,2025-07-23 09:52:39.087000 +00:00,2025-07-23 09:52:39.087000 +00:00,1,""
787,BitMax,"","",true,2025-07-23 09:52:39.081000 +00:00,2025-07-23 09:52:39.081000 +00:00,1,""
791,Bitnation,"","",true,2025-07-23 09:52:39.081000 +00:00,2025-07-23 09:52:39.081000 +00:00,1,""
2586,Galxe,"","",true,2025-07-23 09:52:39.087000 +00:00,2025-07-23 09:52:39.087000 +00:00,17,""
2588,Game7 DAO,"","",true,2025-07-23 09:52:39.087000 +00:00,2025-07-23 09:52:39.087000 +00:00,16,""
795,Bitoreum,"","",true,2025-07-23 09:52:39.081000 +00:00,2025-07-23 09:52:39.081000 +00:00,5,""
2593,GameDAO,"","",true,2025-07-23 09:52:39.087000 +00:00,2025-07-23 09:52:39.087000 +00:00,1,""
802,BitRewards,"","",true,2025-07-23 09:52:39.081000 +00:00,2025-07-23 09:52:39.081000 +00:00,1,""
803,Bitriel,"","",true,2025-07-23 09:52:39.081000 +00:00,2025-07-23 09:52:39.081000 +00:00,2,""
806,Bitski,"","",true,2025-07-23 09:52:39.081000 +00:00,2025-07-23 09:52:39.081000 +00:00,17,""
2595,GamerCoin,"","",true,2025-07-23 09:52:39.087000 +00:00,2025-07-23 09:52:39.087000 +00:00,2,""
810,Bitsum,"","",true,2025-07-23 09:52:39.081000 +00:00,2025-07-23 09:52:39.081000 +00:00,1,""
2596,Games (Category),"","",false,2025-07-23 09:52:39.087000 +00:00,2025-07-23 09:52:39.087000 +00:00,8,""
817,Bit Trust System,"","",true,2025-07-23 09:52:39.081000 +00:00,2025-07-23 09:52:39.081000 +00:00,2,""
2597,Gamic,"","",true,2025-07-23 09:52:39.087000 +00:00,2025-07-23 09:52:39.087000 +00:00,2,""
827,Bityuan,"","",true,2025-07-23 09:52:39.081000 +00:00,2025-07-23 09:52:39.081000 +00:00,6,""
829,black doge lab,"","",true,2025-07-23 09:52:39.081000 +00:00,2025-07-23 09:52:39.081000 +00:00,1,""
831,Black History DAO Archives,"","",true,2025-07-23 09:52:39.081000 +00:00,2025-07-23 09:52:39.081000 +00:00,2,""
834,blackprint,"","",true,2025-07-23 09:52:39.081000 +00:00,2025-07-23 09:52:39.081000 +00:00,2,""
2599,Gamma Swap Labs,"","",true,2025-07-23 09:52:39.087000 +00:00,2025-07-23 09:52:39.087000 +00:00,2,""
2602,Garbles Labs,"","",true,2025-07-23 09:52:39.087000 +00:00,2025-07-23 09:52:39.087000 +00:00,2,""
837,Blaqk Stereo,"","",true,2025-07-23 09:52:39.081000 +00:00,2025-07-23 09:52:39.081000 +00:00,1,""
2604,Garuda Stablecoin,"","",true,2025-07-23 09:52:39.087000 +00:00,2025-07-23 09:52:39.087000 +00:00,1,""
840,Blaze AI,"","",true,2025-07-23 09:52:39.081000 +00:00,2025-07-23 09:52:39.081000 +00:00,36,""
2605,Gaslite,"","",true,2025-07-23 09:52:39.087000 +00:00,2025-07-23 09:52:39.087000 +00:00,1,""
2606,Gasp,"","",true,2025-07-23 09:52:39.087000 +00:00,2025-07-23 09:52:39.087000 +00:00,13,""
2607,Gas.zip,"","",true,2025-07-23 09:52:39.087000 +00:00,2025-07-23 09:52:39.087000 +00:00,1,""
846,Blind Boxes,"","",true,2025-07-23 09:52:39.081000 +00:00,2025-07-23 09:52:39.081000 +00:00,1,""
847,blitslabs,"","",true,2025-07-23 09:52:39.081000 +00:00,2025-07-23 09:52:39.081000 +00:00,1,""
2608,Gatechain Token,"","",true,2025-07-23 09:52:39.087000 +00:00,2025-07-23 09:52:39.087000 +00:00,5,""
849,BlitzTCG,"","",true,2025-07-23 09:52:39.081000 +00:00,2025-07-23 09:52:39.081000 +00:00,1,""
2609,Gattaca,"","",true,2025-07-23 09:52:39.087000 +00:00,2025-07-23 09:52:39.087000 +00:00,9,""
2613,Gear Tech,"","",true,2025-07-23 09:52:39.087000 +00:00,2025-07-23 09:52:39.087000 +00:00,31,""
855,BlockArt,"","",true,2025-07-23 09:52:39.081000 +00:00,2025-07-23 09:52:39.081000 +00:00,1,""
860,BlockCAT,"","",true,2025-07-23 09:52:39.082000 +00:00,2025-07-23 09:52:39.082000 +00:00,2,""
2662,Glif,"","",true,2025-07-23 09:52:39.087000 +00:00,2025-07-23 09:52:39.087000 +00:00,6,""
863,Blockchain Academy Chile,"","",true,2025-07-23 09:52:39.082000 +00:00,2025-07-23 09:52:39.082000 +00:00,1,""
2675,Glo Foundation (Glo Dollar),"","",true,2025-07-23 09:52:39.087000 +00:00,2025-07-23 09:52:39.087000 +00:00,2,""
868,Blockchain Game Alliance,"","",true,2025-07-23 09:52:39.082000 +00:00,2025-07-23 09:52:39.082000 +00:00,1,""
869,Blockchain Help,"","",true,2025-07-23 09:52:39.082000 +00:00,2025-07-23 09:52:39.082000 +00:00,1,""
870,blockcoders,"","",true,2025-07-23 09:52:39.082000 +00:00,2025-07-23 09:52:39.082000 +00:00,3,""
871,Block Collider,"","",true,2025-07-23 09:52:39.082000 +00:00,2025-07-23 09:52:39.082000 +00:00,3,""
2676,Glow.xyz wallet,"","",true,2025-07-23 09:52:39.087000 +00:00,2025-07-23 09:52:39.087000 +00:00,1,""
2678,Gluon,"","",true,2025-07-23 09:52:39.087000 +00:00,2025-07-23 09:52:39.087000 +00:00,1,""
2679,Gluwa,"","",true,2025-07-23 09:52:39.087000 +00:00,2025-07-23 09:52:39.087000 +00:00,10,""
177,Alchemy,"","",true,2025-07-23 09:52:39.080000 +00:00,2025-07-23 09:52:39.080000 +00:00,53,Infrastructure
178,Alchemy Pay,"","",true,2025-07-23 09:52:39.080000 +00:00,2025-07-23 09:52:39.080000 +00:00,53,Infrastructure
197,Algorand,"","",true,2025-07-23 09:52:39.080000 +00:00,2025-07-23 09:52:39.080000 +00:00,298,Public Chain
289,Anoma,"","",true,2025-07-23 09:52:39.080000 +00:00,2025-07-23 09:52:39.080000 +00:00,42,Infrastructure
312,ApeX Protocol,"","",true,2025-07-23 09:52:39.081000 +00:00,2025-07-23 09:52:39.081000 +00:00,1,""
322,Apollo DAO,"","",true,2025-07-23 09:52:39.081000 +00:00,2025-07-23 09:52:39.081000 +00:00,4,""
325,Appic DAO,"","",true,2025-07-23 09:52:39.081000 +00:00,2025-07-23 09:52:39.081000 +00:00,2,""
337,Aptos,"","",true,2025-07-23 09:52:39.081000 +00:00,2025-07-23 09:52:39.081000 +00:00,702,Public Chain
346,Aquachain,"","",true,2025-07-23 09:52:39.081000 +00:00,2025-07-23 09:52:39.081000 +00:00,1,""
348,Aquarius (AQUA token),"","",true,2025-07-23 09:52:39.081000 +00:00,2025-07-23 09:52:39.081000 +00:00,4,""
353,Aramid Finance,"","",true,2025-07-23 09:52:39.081000 +00:00,2025-07-23 09:52:39.081000 +00:00,4,""
884,Blocklive,"","",true,2025-07-23 09:52:39.082000 +00:00,2025-07-23 09:52:39.082000 +00:00,2,""
885,Blockmason Link,"","",true,2025-07-23 09:52:39.082000 +00:00,2025-07-23 09:52:39.082000 +00:00,1,""
361,Arbitrum,"","",true,2025-07-23 09:52:39.081000 +00:00,2025-07-23 09:52:39.081000 +00:00,1318,Public Chain
890,Blockonomics,"","",true,2025-07-23 09:52:39.082000 +00:00,2025-07-23 09:52:39.082000 +00:00,1,""
892,Blockpass,"","",true,2025-07-23 09:52:39.082000 +00:00,2025-07-23 09:52:39.082000 +00:00,1,""
365,Arbol,"","",true,2025-07-23 09:52:39.081000 +00:00,2025-07-23 09:52:39.081000 +00:00,3,""
896,Blockride,"","",true,2025-07-23 09:52:39.082000 +00:00,2025-07-23 09:52:39.082000 +00:00,3,""
897,Blocks.,"","",true,2025-07-23 09:52:39.082000 +00:00,2025-07-23 09:52:39.082000 +00:00,1,""
372,Arcadia Finance,"","",true,2025-07-23 09:52:39.081000 +00:00,2025-07-23 09:52:39.081000 +00:00,4,""
899,Blockscape Network,"","",true,2025-07-23 09:52:39.082000 +00:00,2025-07-23 09:52:39.082000 +00:00,2,""
901,BlockSec,"","",true,2025-07-23 09:52:39.082000 +00:00,2025-07-23 09:52:39.082000 +00:00,9,""
373,Arcana Network,"","",true,2025-07-23 09:52:39.081000 +00:00,2025-07-23 09:52:39.081000 +00:00,9,""
375,Arcane Finance,"","",true,2025-07-23 09:52:39.081000 +00:00,2025-07-23 09:52:39.081000 +00:00,2,""
376,ArcBlock,"","",true,2025-07-23 09:52:39.081000 +00:00,2025-07-23 09:52:39.081000 +00:00,8,""
379,Arch Finance,"","",true,2025-07-23 09:52:39.081000 +00:00,2025-07-23 09:52:39.081000 +00:00,3,""
382,Arch Network,"","",true,2025-07-23 09:52:39.081000 +00:00,2025-07-23 09:52:39.081000 +00:00,7,""
388,Arda,"","",true,2025-07-23 09:52:39.081000 +00:00,2025-07-23 09:52:39.081000 +00:00,2,""
389,Ardent,"","",true,2025-07-23 09:52:39.081000 +00:00,2025-07-23 09:52:39.081000 +00:00,3,""
391,Area Layer,"","",true,2025-07-23 09:52:39.081000 +00:00,2025-07-23 09:52:39.081000 +00:00,5,""
398,Argument Computer Corporation,"","",true,2025-07-23 09:52:39.081000 +00:00,2025-07-23 09:52:39.081000 +00:00,11,""
964,Boom,"","",true,2025-07-23 09:52:39.082000 +00:00,2025-07-23 09:52:39.082000 +00:00,4,""
924,Bluejay Finance,"","",true,2025-07-23 09:52:39.082000 +00:00,2025-07-23 09:52:39.082000 +00:00,1,""
926,Blunt Instruments,"","",true,2025-07-23 09:52:39.082000 +00:00,2025-07-23 09:52:39.082000 +00:00,3,""
929,Blurt,"","",true,2025-07-23 09:52:39.082000 +00:00,2025-07-23 09:52:39.082000 +00:00,1,""
2685,GMX,"","",true,2025-07-23 09:52:39.087000 +00:00,2025-07-23 09:52:39.087000 +00:00,12,""
2686,Gnars Dao,"","",true,2025-07-23 09:52:39.087000 +00:00,2025-07-23 09:52:39.087000 +00:00,5,""
2687,GNØ Land,"","",true,2025-07-23 09:52:39.087000 +00:00,2025-07-23 09:52:39.087000 +00:00,43,Public Chain
2688,Gnosis Chain,"","",true,2025-07-23 09:52:39.087000 +00:00,2025-07-23 09:52:39.087000 +00:00,235,Public Chain
2689,go-bazzinga,"","",true,2025-07-23 09:52:39.087000 +00:00,2025-07-23 09:52:39.087000 +00:00,23,""
2692,GoChain,"","",true,2025-07-23 09:52:39.087000 +00:00,2025-07-23 09:52:39.087000 +00:00,3,""
2693,Gods Unchained,"","",true,2025-07-23 09:52:39.087000 +00:00,2025-07-23 09:52:39.087000 +00:00,1,""
950,BombCrypto,"","",true,2025-07-23 09:52:39.082000 +00:00,2025-07-23 09:52:39.082000 +00:00,3,""
951,Bomb Money,"","",true,2025-07-23 09:52:39.082000 +00:00,2025-07-23 09:52:39.082000 +00:00,1,""
952,BondAppetit,"","",true,2025-07-23 09:52:39.082000 +00:00,2025-07-23 09:52:39.082000 +00:00,2,""
2694,Goerli,"","",true,2025-07-23 09:52:39.087000 +00:00,2025-07-23 09:52:39.087000 +00:00,7,""
2699,GoldCoin,"","",true,2025-07-23 09:52:39.087000 +00:00,2025-07-23 09:52:39.087000 +00:00,1,""
2702,Goldfinch,"","",true,2025-07-23 09:52:39.087000 +00:00,2025-07-23 09:52:39.087000 +00:00,1,""
2703,GoldLink Protocol,"","",true,2025-07-23 09:52:39.087000 +00:00,2025-07-23 09:52:39.087000 +00:00,2,""
2708,Golem,"","",true,2025-07-23 09:52:39.087000 +00:00,2025-07-23 09:52:39.087000 +00:00,30,""
969,BORA,"","",true,2025-07-23 09:52:39.082000 +00:00,2025-07-23 09:52:39.082000 +00:00,1,""
971,BoringDAO,"","",true,2025-07-23 09:52:39.082000 +00:00,2025-07-23 09:52:39.082000 +00:00,1,""
973,Boring Protocol,"","",true,2025-07-23 09:52:39.082000 +00:00,2025-07-23 09:52:39.082000 +00:00,6,""
975,BOSAGORA,"","",true,2025-07-23 09:52:39.082000 +00:00,2025-07-23 09:52:39.082000 +00:00,6,""
977,BOSCore,"","",true,2025-07-23 09:52:39.082000 +00:00,2025-07-23 09:52:39.082000 +00:00,1,""
2709,Golem Factory,"","",true,2025-07-23 09:52:39.087000 +00:00,2025-07-23 09:52:39.087000 +00:00,21,""
2713,Golos Blockchain,"","",true,2025-07-23 09:52:39.087000 +00:00,2025-07-23 09:52:39.087000 +00:00,2,""
2718,GoodGhosting,"","",true,2025-07-23 09:52:39.087000 +00:00,2025-07-23 09:52:39.087000 +00:00,1,""
982,Bottos,"","",true,2025-07-23 09:52:39.082000 +00:00,2025-07-23 09:52:39.082000 +00:00,1,""
2720,GooseFX,"","",true,2025-07-23 09:52:39.087000 +00:00,2025-07-23 09:52:39.087000 +00:00,8,""
985,Bounce Finance,"","",true,2025-07-23 09:52:39.082000 +00:00,2025-07-23 09:52:39.082000 +00:00,2,""
986,Bounce Token,"","",true,2025-07-23 09:52:39.082000 +00:00,2025-07-23 09:52:39.082000 +00:00,2,""
987,Bounties Network,"","",true,2025-07-23 09:52:39.082000 +00:00,2025-07-23 09:52:39.082000 +00:00,3,""
2721,GoPlausible,"","",true,2025-07-23 09:52:39.087000 +00:00,2025-07-23 09:52:39.087000 +00:00,2,""
